id,name,created_utc,updated_on,comment_karma,link_karma
1,truman48lamb_jasonbroken,1397113470,1536527864,0,0
2,johnethen06_jasonbroken,1397113483,1536527864,0,0
3,yaseinrez_jasonbroken,1397113483,1536527864,0,1
4,Valve92_jasonbroken,1397113503,1536527864,0,0
5,srbhuyan_jasonbroken,1397113506,1536527864,0,0
6,taojianlong_jasonbroken,1397113510,1536527864,4,0
7,YourPalGrant92_jasonbroken,1397113513,1536527864,0,0
8,Lucki87_jasonbroken,1397113515,1536527864,0,0
9,punkstock_jasonbroken,1397113517,1536527864,0,0
10,duder_con_chile_jasonbroken,1397113519,1536527864,0,2
11,IHaveBigBalls_jasonbroken,1397113520,1536527864,0,0
12,Foggybanana_jasonbroken,1397113523,1536527864,0,0
13,Thedrinkdriver_jasonbroken,1397113527,1536527864,-9,0
14,littlemissd_jasonbroken,1397113530,1536527864,0,-3
15,phonethaway_jasonbroken,1397113537,1536527864,0,0
16,DreamingOfWinterfell_jasonbroken,1397113538,1536527864,0,0
17,ssaig_jasonbroken,1397113544,1536527864,1,0
18,divinetribe_jasonbroken,1397113549,1536527864,0,0
19,fdbvfdssdgfds_jasonbroken,1397113552,1536527864,3,0
20,hjtrsh54yh43_jasonbroken,1397113559,1536527864,-1,-1
21,Dalin86_jasonbroken,1397113561,1536527864,0,0
22,sgalex_jasonbroken,1397113561,1536527864,0,0
23,beszhthw_jasonbroken,1397113566,1536527864,0,0
24,WojkeN_jasonbroken,1397113572,1536527864,-8,0
25,LixksHD_jasonbroken,1397113572,1536527864,0,0
26,bradhrvf78_jasonbroken,1397113574,1536527864,0,0
27,ravenfeathers_jasonbroken,1397113576,1536527864,0,0
28,jayne101_jasonbroken,1397113583,1536527864,0,0
29,jdennis6701_jasonbroken,1397113585,1536527864,0,0
30,Puppy243_jasonbroken,1397113592,1536527864,0,0
31,sissyt_jasonbroken,1397113609,1536527864,0,0
32,fengye78_jasonbroken,1397113613,1536527864,0,0
33,bigspender1988_jasonbroken,1397113614,1536527864,0,21
34,bitdownworld_jasonbroken,1397113618,1536527864,0,0
35,adhyufsdtha12_jasonbroken,1397113619,1536527864,0,0
36,Haydenac_jasonbroken,1397113635,1536527864,0,0
37,ihatewhoweare_jasonbroken,1397113636,1536527864,61,0
38,HungDaddy69__jasonbroken,1397113641,1536527864,0,0
39,FSUJohnny24_jasonbroken,1397113646,1536527864,0,0
40,Toejimon_jasonbroken,1397113650,1536527864,0,0
41,mine69flesh_jasonbroken,1397113651,1536527864,0,0
42,brycentkt_jasonbroken,1397113653,1536527864,0,0
43,hmmmitsbig,1397113655,1536527864,0,0
77714,hockeyschtick,1137474000,1536497404,11104,451
77715,kbmunkholm,1137474000,1536528267,0,0
77716,dickb,1137588452,1536528267,0,0
77717,stephenjcole,1137474000,1536528267,0,2
77718,rosetree,1137474000,1536528267,0,0
77719,benhawK,1138180921,1536528267,0,0
77720,joenowak,1137474000,1536528268,0,0
77721,constant,1137474000,1536528268,1,0
77722,jpscott,1137474000,1536528268,0,1
77723,meryn,1137474000,1536528268,0,2
77724,momerath,1128916800,1536528268,2490,101
77725,inuse,1137474000,1536528269,0,0
77726,dubert11,1137474000,1536528269,38,59
77727,CaliMark,1137474000,1536528269,0,0
77728,Maniac,1137474000,1536528269,0,0
77729,earlpearl,1137474000,1536528269,0,0
77730,ghost,1137474000,1536497404,767,0
77731,paulzg,1137474000,1536528270,0,0
77732,rshawgo,1137474000,1536497404,707,6883
77733,spage,1137474000,1536528270,0,0
77734,HrothgarReborn,1137474000,1536528270,0,0
77735,darknessvisible,1137474000,1536528270,26133,139
77736,finleyt,1137714898,1536528270,0,0
77737,Dalton,1137474000,1536528271,118,2
77738,graemes,1137474000,1536528271,0,0
77739,lettuce,1137780958,1536497404,4546,724
77740,mudkicker,1137474000,1536528271,0,0
77741,mydignet,1139649149,1536528271,0,0
77742,markbo,1137474000,1536528271,0,0
77743,mrfrostee,1137474000,1536528272,227,43
77744,parappayo,1136350800,1536528272,53,164
77745,danastasi,1137474000,1536528272,2335,146
77747,AltherrWeb,1137474000,1536528272,1387,1605
77748,dtpetty,1137474000,1536528273,0,0
77749,jamesluke4,1137474000,1536528273,0,0
77750,sankeld,1137474000,1536528273,9,45
77751,iampivot,1139479524,1536497404,2640,31
77752,mcaamano,1137474000,1536528273,0,0
77753,wonsungi,1137596632,1536528273,0,0
77754,naotakem,1137474000,1536528274,0,0
77755,bis,1137474000,1536497404,2191,285
77756,imeinzen,1137474000,1536528274,0,0
77757,zrenneh,1137474000,1536528274,79,0
77758,onclephilippe,1137474000,1536528274,0,0
77759,Mokzaio415,1139422169,1536528274,0,0
77761,-brisse,1137474000,1536528275,14,1
77762,coolin86,1138303196,1536528275,40,7
77763,Lunchy,1137599510,1536528275,65,0
77764,jannemans,1137474000,1536528275,0,0
77765,compostellas,1137474000,1536528276,6,0
77766,genericbob,1137474000,1536528276,291,14
77767,domlexch,1139482978,1536528276,0,0
77768,TinheadNed,1139665457,1536497404,4434,103
77769,patopurifik,1137474000,1536528276,0,0
77770,PoPPo,1139057558,1536528276,0,0
77771,tandrews,1137474000,1536528277,0,0
